{
  "dataset_name": "cvc_clinicdb",
  "dataset_root": "/Users/dangnguyen/Desktop/PGD-UNet/data/CVC-ClinicDB",
  "num_pairs": 612,
  "num_images": 612,
  "num_masks": 612,
  "available_splits": [
    "test",
    "train",
    "val"
  ],
  "split_counts": {
    "train": 429,
    "val": 61,
    "test": 122
  },
  "image_size_top10": [
    {
      "value": "384x288",
      "count": 612
    }
  ],
  "channel_mean_rgb": [
    0.40080499421170324,
    0.269426774205966,
    0.18411376902895232
  ],
  "channel_std_rgb": [
    0.29844277703216526,
    0.20496388809421107,
    0.1396561279993236
  ],
  "foreground_ratio": {
    "min": 0.003372757462784648,
    "max": 0.48961949348449707,
    "mean": 0.09165658715661931
  },
  "mask_value_presence": {
    "0": 612,
    "1": 612
  },
  "pixel_histogram_rgb": {
    "r": [
      10307,
      6425,
      7958,
      14464,
      23382,
      37011,
      59356,
      71599,
      121348,
      320405,
      194014,
      9656555,
      2047652,
      145963,
      269963,
      1282640,
      1211361,
      109017,
      730115,
      479025,
      116581,
      1842463,
      114643,
      1006928,
      97139,
      126619,
      109776,
      114582,
      162376,
      98478,
      193208,
      153152,
      162115,
      182615,
      183839,
      183735,
      163444,
      188147,
      207558,
      157790,
      192856,
      168780,
      169830,
      156102,
      163867,
      175159,
      151506,
      171923,
      171164,
      160102,
      153841,
      163967,
      158132,
      149628,
      161284,
      157705,
      151243,
      155391,
      162125,
      150193,
      159479,
      160100,
      162332,
      160443,
      155679,
      167545,
      159549,
      162980,
      167051,
      169677,
      169643,
      170093,
      180924,
      171931,
      180835,
      179672,
      182014,
      185152,
      179611,
      190137,
      185671,
      188247,
      192877,
      195462,
      197034,
      196571,
      203171,
      202551,
      207041,
      210093,
      214391,
      216549,
      214060,
      227226,
      221276,
      225687,
      231995,
      233420,
      235381,
      232339,
      242896,
      241274,
      243475,
      250512,
      252379,
      256213,
      248678,
      264425,
      258924,
      256219,
      265521,
      266024,
      265207,
      259975,
      273593,
      268753,
      265471,
      274544,
      276506,
      274726,
      267281,
      283141,
      276328,
      271849,
      284028,
      282177,
      280582,
      274624,
      287696,
      276643,
      273793,
      282400,
      277134,
      273739,
      267904,
      279333,
      267654,
      267012,
      272169,
      270606,
      268318,
      259411,
      276450,
      261148,
      259106,
      270228,
      264719,
      260880,
      255460,
      268437,
      254551,
      255411,
      259633,
      259553,
      257395,
      249015,
      266576,
      253384,
      255692,
      263999,
      264109,
      260407,
      255689,
      272370,
      253624,
      258736,
      262587,
      260676,
      258433,
      245403,
      264350,
      243987,
      244094,
      250251,
      246291,
      242793,
      230851,
      245606,
      227852,
      226393,
      230889,
      224836,
      222227,
      209673,
      224693,
      206626,
      206895,
      210044,
      205944,
      204283,
      194505,
      206334,
      193708,
      193611,
      195959,
      194999,
      191049,
      181758,
      194088,
      180663,
      181245,
      183357,
      179927,
      177689,
      169209,
      179916,
      171002,
      168118,
      172635,
      170715,
      169482,
      163189,
      173817,
      167644,
      166360,
      172277,
      172868,
      177157,
      172601,
      187527,
      185904,
      190938,
      202488,
      208203,
      215486,
      217489,
      242118,
      240776,
      254304,
      270663,
      283732,
      303695,
      308239,
      385467,
      387319,
      391198,
      397588,
      289294,
      211678,
      141016,
      101307,
      66596,
      58627,
      49833,
      32612,
      35251,
      24177,
      21799,
      19368,
      17848,
      16466,
      15507,
      15004,
      15510,
      19343,
      86231
    ],
    "g": [
      14732,
      11689,
      14824,
      16200,
      19092,
      23763,
      33658,
      56569,
      94251,
      338848,
      219778,
      9747002,
      2126321,
      167563,
      281885,
      134271,
      146242,
      189994,
      1131388,
      1240977,
      930558,
      2015772,
      868248,
      1186316,
      323231,
      351297,
      374311,
      407867,
      402932,
      402040,
      404534,
      396874,
      373523,
      364713,
      371164,
      351413,
      357718,
      349934,
      314392,
      326805,
      296710,
      299428,
      285005,
      286132,
      277830,
      274992,
      274496,
      269105,
      267926,
      268752,
      268882,
      269693,
      270744,
      273067,
      278568,
      280686,
      290832,
      299145,
      305031,
      313995,
      320021,
      329249,
      335076,
      340803,
      348487,
      350066,
      358891,
      360205,
      367003,
      375027,
      378095,
      391258,
      394595,
      406778,
      408526,
      416393,
      422979,
      426662,
      432417,
      434878,
      442816,
      440314,
      448304,
      452996,
      455049,
      458283,
      459459,
      465872,
      463667,
      464521,
      466138,
      461552,
      460484,
      456959,
      453788,
      449263,
      445085,
      444826,
      436122,
      432598,
      426636,
      421927,
      416956,
      407900,
      403551,
      394207,
      386725,
      380076,
      371982,
      366206,
      356798,
      350886,
      339188,
      331591,
      321290,
      314518,
      308081,
      296737,
      289891,
      283720,
      278800,
      270115,
      264196,
      259594,
      249987,
      245544,
      242342,
      234582,
      232206,
      223781,
      220146,
      214989,
      209193,
      202834,
      200789,
      197685,
      193055,
      191559,
      188697,
      185875,
      184305,
      180281,
      176324,
      171632,
      170081,
      164289,
      161859,
      157376,
      152498,
      149295,
      144643,
      142264,
      139423,
      135482,
      129846,
      125441,
      122404,
      118433,
      113361,
      109660,
      106764,
      103271,
      101176,
      97178,
      95306,
      93152,
      88987,
      87758,
      85586,
      82399,
      80816,
      75156,
      74080,
      70684,
      68583,
      66547,
      65408,
      62937,
      61423,
      60511,
      59587,
      57279,
      56372,
      53763,
      53893,
      51186,
      52193,
      49798,
      48066,
      46971,
      44825,
      44152,
      42614,
      41565,
      40229,
      39573,
      38984,
      36979,
      36797,
      36120,
      34651,
      34051,
      33265,
      32665,
      31639,
      30623,
      30114,
      29403,
      28717,
      28088,
      27650,
      27524,
      27524,
      27431,
      27896,
      28561,
      27768,
      28858,
      27883,
      28364,
      28204,
      27468,
      26545,
      25150,
      25403,
      25031,
      25760,
      25331,
      29083,
      29319,
      27384,
      30210,
      31348,
      58149,
      60322,
      53091,
      23689,
      19995,
      18211,
      14553,
      16158,
      11787,
      18762,
      19401,
      8314,
      13908,
      5235,
      4324,
      3284,
      2725,
      2309,
      1809,
      1540,
      1380,
      1345,
      1489
    ],